Month,Day_of_week,Weekend,Cases,Deaths,Hospitalizations,Positive_Rate,Partially_Vaccinated,Fully_Vaccinated,Stringency_Index,Per_Reduction
3,6,1,0,0,2,0,0,0,5.56,-0.295228892
3,0,0,0,0,2,0,0,0,13.89,-0.322049913
3,1,0,0,0,3,0,0,0,13.89,-0.242135455
3,2,0,0,0,3,0,0,0,13.89,-0.214975877
3,3,0,1,0,7,0.0769,0,0,13.89,-0.12016932
3,4,0,3,0,3,0.1875,0,0,13.89,0.205236434
3,5,0,3,0,3,0.2727,0,0,13.89,0.34429935
3,6,1,3,0,9,0.1176,0,0,13.89,-0.345713441
3,0,0,5,0,3,0.0571,0,0,13.89,-0.266155985
3,1,0,11,0,8,0.1607,0,0,13.89,-0.253678537
3,2,0,13,0,9,0.125,0,0,13.89,-0.231358761
3,3,0,21,0,8,0.0845,0,0,17.59,-0.228188219
3,4,0,32,0,12,0.0924,0,0,29.63,-0.045750817
3,5,0,31,0,11,0.0863,0,0,29.63,0.372461532
3,6,1,40,0,23,0.1105,0,0,29.63,-0.585606341
3,0,0,78,1,17,0.0964,0,0,40.74,-0.705071345
3,1,0,96,1,29,0.1146,0,0,48.15,-0.848370399
3,2,0,162,1,40,0.1664,0,0,61.11,-0.879629634
3,3,0,183,2,38,0.155,0,0,61.11,-0.891970602
3,4,0,155,0,54,0.1529,0,0,61.11,-0.879424914
3,5,0,125,2,66,0.1898,0,0,82.41,-0.940310871
3,6,1,168,2,73,0.2752,0,0,82.41,-0.982162692
3,0,0,290,3,107,0.2163,0,0,82.41,-0.974052997
3,1,0,350,2,122,0.2552,0,0,82.41,-0.97673536
3,2,0,367,5,125,0.2776,0,0,82.41,-0.976126448
3,3,0,413,2,136,0.2884,0,0,82.41,-0.97354907
3,4,0,404,8,155,0.2909,0,0,82.41,-0.957575627
3,5,0,248,4,133,0.277,0,0,82.41,-0.970913951
3,6,1,282,20,130,0.3299,0,0,82.41,-0.98674409
3,0,0,439,12,160,0.3118,0,0,82.41,-0.979706431
3,1,0,490,16,162,0.3022,0,0,82.41,-0.978625087
4,2,0,462,24,183,0.3009,0,0,82.41,-0.976724862
4,3,0,437,15,172,0.2757,0,0,82.41,-0.977475503
4,4,0,467,24,164,0.2713,0,0,82.41,-0.967029512
4,5,0,327,22,160,0.2914,0,0,82.41,-0.977501749
4,6,1,292,26,147,0.3048,0,0,82.41,-0.989045405
4,0,0,583,22,203,0.3072,0,0,82.41,-0.983737849
4,1,0,556,25,198,0.3018,0,0,82.41,-0.981202465
4,2,0,705,36,174,0.3225,0,0,82.41,-0.980436076
4,3,0,576,25,158,0.2942,0,0,82.41,-0.979764173
4,4,0,571,32,158,0.2654,0,0,82.41,-0.969801111
4,5,0,397,33,141,0.2703,0,0,82.41,-0.975018858
4,6,1,341,33,138,0.3114,0,0,82.41,-0.986977619
4,0,0,694,33,155,0.2989,0,0,82.41,-0.980320592
4,1,0,666,33,172,0.2695,0,0,82.41,-0.979113267
4,2,0,632,31,150,0.2664,0,0,82.41,-0.967323469
4,3,0,679,31,154,0.2437,0,0,82.41,-0.967538688
4,4,0,777,43,149,0.2479,0,0,82.41,-0.956620265
4,5,0,535,39,163,0.2574,0,0,82.41,-0.967711913
4,6,1,459,35,160,0.2751,0,0,82.41,-0.985657123
4,0,0,990,40,183,0.2875,0,0,82.41,-0.973900769
4,1,0,875,36,170,0.2784,0,0,82.41,-0.977039816
4,2,0,1057,45,151,0.2577,0,0,82.41,-0.974068745
4,3,0,1467,36,165,0.3123,0,0,82.41,-0.97244148
4,4,0,1076,54,167,0.2849,0,0,82.41,-0.960630686
4,5,0,632,38,119,0.2679,0,0,82.41,-0.965396998
4,6,1,434,51,132,0.2482,0,0,82.41,-0.985750534
4,0,0,1158,35,172,0.2852,0,0,82.41,-0.9736908
4,1,0,1324,56,179,0.2764,0,0,82.41,-0.970745975
4,2,0,1152,44,161,0.2469,0,0,82.41,-0.959880044
4,3,0,1271,40,168,0.2522,0,0,82.41,-0.963470526
5,4,0,1168,39,141,0.2411,0,0,82.41,-0.948636168
5,5,0,719,49,167,0.2659,0,0,82.41,-0.949197837
5,6,1,468,45,137,0.2606,0,0,82.41,-0.981665914
5,0,0,1120,48,126,0.2586,0,0,82.41,-0.967900886
5,1,0,1090,58,154,0.2284,0,0,82.41,-0.965155532
5,2,0,973,44,138,0.2124,0,0,82.41,-0.968677774
5,3,0,938,49,144,0.2225,0,0,82.41,-0.963701492
5,4,0,923,44,97,0.1943,0,0,82.41,-0.947145384
5,5,0,520,53,100,0.1833,0,0,82.41,-0.953229255
5,6,1,307,38,100,0.1965,0,0,82.41,-0.976519801
5,0,0,1017,38,128,0.1954,0,0,82.41,-0.969302433
5,1,0,942,46,126,0.2001,0,0,82.41,-0.970997939
5,2,0,875,45,125,0.1907,0,0,82.41,-0.96690353
5,3,0,775,45,131,0.1742,0,0,82.41,-0.957444396
5,4,0,970,49,109,0.1736,0,0,82.41,-0.939974919
5,5,0,514,28,103,0.1495,0,0,82.41,-0.949738509
5,6,1,326,41,97,0.1472,0,0,82.41,-0.975823463
5,0,0,945,33,111,0.1611,0,0,82.41,-0.964383894
5,1,0,891,27,99,0.1521,0,0,82.41,-0.964257912
5,2,0,771,29,93,0.1406,0,0,82.41,-0.96143382
5,3,0,800,34,110,0.164,0,0,82.41,-0.956499533
5,4,0,724,36,94,0.149,0,0,82.41,-0.935507814
5,5,0,327,30,90,0.1175,0,0,82.41,-0.949838245
5,6,1,279,27,91,0.1187,0,0,82.41,-0.968707222
5,0,0,252,23,79,0.1329,0,0,82.41,-0.970829963
5,1,0,755,23,77,0.1204,0,0,82.41,-0.960320981
5,2,0,615,26,65,0.1187,0,0,82.41,-0.958604479
5,3,0,523,22,70,0.1127,0,0,82.41,-0.951140057
5,4,0,460,20,54,0.0983,0,0,75,-0.925675984
5,5,0,238,21,53,0.091,0,0,75,-0.925487012
5,6,1,121,22,39,0.0888,0,0,75,-0.981610716
6,0,0,235,21,64,0.1019,0,0,75,-0.971186911
6,1,0,244,25,52,0.0789,0,0,75,-0.956489034
6,2,0,280,20,54,0.0995,0,0,75,-0.945539116
6,3,0,319,15,32,0.0929,0,0,73.15,-0.925119565
6,4,0,339,17,42,0.0918,0,0,73.15,-0.882401234
6,5,0,170,20,38,0.083,0,0,73.15,-0.892248812
6,6,1,110,20,32,0.0736,0,0,73.15,-0.955468296
6,0,0,274,15,40,0.0619,0,0,73.15,-0.934022279
6,1,0,254,23,37,0.0591,0,0,73.15,-0.922290223
6,2,0,233,12,32,0.0596,0,0,73.15,-0.9079073
6,3,0,203,10,28,0.0596,0,0,73.15,-0.885724004
6,4,0,248,21,27,0.058,0,0,73.15,-0.821761992
6,5,0,121,18,25,0.0567,0,0,73.15,-0.783327043
6,6,1,92,12,27,0.0554,0,0,73.15,-0.915861914
6,0,0,235,20,32,0.0527,0,0,73.15,-0.92376526
6,1,0,211,11,24,0.0469,0,0,73.15,-0.906831206
6,2,0,219,21,30,0.0441,0,0,73.15,-0.88720954
6,3,0,184,14,30,0.0452,0,0,73.15,-0.862207401
6,4,0,220,15,38,0.052,0,0,73.15,-0.768770895
6,5,0,125,10,20,0.0518,0,0,73.15,-0.762639781
6,6,1,48,11,18,0.0345,0,0,73.15,-0.924523687
6,0,0,218,9,30,0.0447,0,0,73.15,-0.90590209
6,1,0,234,8,28,0.0357,0,0,73.15,-0.887534993
6,2,0,245,9,29,0.0424,0,0,73.15,-0.875131034
6,3,0,249,11,23,0.0403,0,0,73.15,-0.838753788
6,4,0,220,13,31,0.0396,0,0,55.56,-0.748955007
6,5,0,130,5,15,0.0403,0,0,55.56,-0.694940308
6,6,1,110,5,27,0.047,0,0,55.56,-0.875134597
6,0,0,280,7,31,0.044,0,0,55.56,-0.882878915
6,1,0,265,3,29,0.038,0,0,55.56,-0.864900262
7,2,0,266,13,25,0.0343,0,0,55.56,-0.842501747
7,3,0,256,6,25,0.0327,0,0,55.56,-0.799232246
7,4,0,176,5,29,0.0425,0,0,55.56,-0.731574767
7,5,0,63,5,17,0.0492,0,0,55.56,-0.7406927
7,6,1,89,3,17,0.0405,0,0,55.56,-0.89602051
7,0,0,283,5,31,0.04,0,0,58.33,-0.890070377
7,1,0,342,4,26,0.0423,0,0,58.33,-0.868690214
7,2,0,309,4,28,0.0377,0,0,58.33,-0.849572475
7,3,0,288,8,29,0.0453,0,0,58.33,-0.821368299
7,4,0,345,6,30,0.0489,0,0,58.33,-0.727359626
7,5,0,153,2,20,0.0472,0,0,58.33,-0.66910354
7,6,1,97,4,17,0.0435,0,0,58.33,-0.869869598
7,0,0,337,3,34,0.0391,0,0,58.33,-0.884196475
7,1,0,324,3,23,0.0389,0,0,58.33,-0.865713894
7,2,0,268,7,24,0.0342,0,0,58.33,-0.827331438
7,3,0,297,2,28,0.0441,0,0,58.33,-0.808224197
7,4,0,326,3,26,0.0403,0,0,58.33,-0.715270622
7,5,0,132,4,18,0.0401,0,0,58.33,-0.640862618
7,6,1,100,2,23,0.0405,0,0,58.33,-0.872459638
7,0,0,393,5,23,0.0468,0,0,58.33,-0.884605916
7,1,0,291,1,36,0.0425,0,0,58.33,-0.860653625
7,2,0,365,4,36,0.0485,0,0,58.33,-0.835236796
7,3,0,319,3,33,0.0458,0,0,58.33,-0.808260942
7,4,0,347,3,26,0.0484,0,0,58.33,-0.71029959
7,5,0,156,8,22,0.0449,0,0,58.33,-0.642232671
7,6,1,97,6,17,0.0479,0,0,58.33,-0.851306229
7,0,0,362,1,21,0.0468,0,0,58.33,-0.88630667
7,1,0,332,3,19,0.0444,0,0,58.33,-0.86193444
7,2,0,446,3,19,0.0554,0,0,58.33,-0.840842986
7,3,0,341,3,18,0.0513,0,0,58.33,-0.810386885
7,4,0,392,2,24,0.0587,0,0,58.33,-0.727097164
8,5,0,141,5,23,0.0461,0,0,58.33,-0.6489517
8,6,1,96,3,22,0.0458,0,0,58.33,-0.853951467
8,0,0,428,3,31,0.0544,0,0,58.33,-0.876926275
8,1,0,369,2,33,0.0451,0,0,58.33,-0.861771714
8,2,0,378,4,20,0.0471,0,0,58.33,-0.843000425
8,3,0,349,4,22,0.0565,0,0,58.33,-0.811615207
8,4,0,418,2,25,0.0555,0,0,58.33,-0.705585771
8,5,0,177,3,16,0.0495,0,0,58.33,-0.620180605
8,6,1,115,2,18,0.0423,0,0,58.33,-0.838207421
8,0,0,376,1,30,0.0495,0,0,58.33,-0.905429658
8,1,0,384,4,27,0.046,0,0,58.33,-0.867178433
8,2,0,433,2,32,0.0482,0,0,58.33,-0.844260243
8,3,0,391,4,26,0.0518,0,0,58.33,-0.814486543
8,4,0,347,3,26,0.0493,0,0,58.33,-0.711386183
8,5,0,220,5,23,0.0543,0,0,58.33,-0.659633907
8,6,1,120,3,20,0.0468,0,0,58.33,-0.858719688
8,0,0,493,3,28,0.054,0,0,58.33,-0.883524572
8,1,0,412,1,26,0.0448,0,0,55.09,-0.866013101
8,2,0,485,5,21,0.0539,0,0,55.09,-0.840648764
8,3,0,423,3,22,0.0515,0,0,55.09,-0.807405315
8,4,0,432,5,21,0.0587,0,0,55.09,-0.683733177
8,5,0,191,2,17,0.0512,0,0,55.09,-0.601141605
8,6,1,129,1,27,0.0485,0,0,55.09,-0.838725429
8,0,0,556,3,27,0.0579,0,0,55.09,-0.866758493
8,1,0,413,4,32,0.0442,0,0,55.09,-0.853257443
8,2,0,388,3,37,0.0495,0,0,55.09,-0.827074225
8,3,0,383,2,27,0.0511,0,0,55.09,-0.793500074
8,4,0,382,4,26,0.059,0,0,55.09,-0.672961733
8,5,0,234,4,27,0.0514,0,0,55.09,-0.6132936
8,6,1,100,5,22,0.0388,0,0,55.09,-0.838903759
8,0,0,413,2,31,0.0516,0,0,55.09,-0.869666573
9,1,0,331,3,20,0.0409,0,0,55.09,-0.840774746
9,2,0,406,3,22,0.0495,0,0,55.09,-0.817772568
9,3,0,341,3,23,0.0541,0,0,55.09,-0.782781122
9,4,0,397,2,25,0.0605,0,0,55.09,-0.679197832
9,5,0,203,3,23,0.0663,0,0,55.09,-0.591997426
9,6,1,143,2,12,0.0479,0,0,55.09,-0.776258759
9,0,0,72,1,21,0.0415,0,0,55.09,-0.851215488
9,1,0,368,1,19,0.0446,0,0,55.09,-0.843730069
9,2,0,401,5,21,0.0461,0,0,55.09,-0.844995137
9,3,0,329,2,19,0.0455,0,0,55.09,-0.776602764
9,4,0,343,5,20,0.0499,0,0,55.09,-0.679155838
9,5,0,136,0,11,0.0364,0,0,55.09,-0.609283179
9,6,1,124,3,28,0.0478,0,0,55.09,-0.812977884
9,0,0,430,3,20,0.0514,0,0,55.09,-0.864186365
9,1,0,353,1,25,0.0409,0,0,55.09,-0.833152847
9,2,0,366,4,33,0.0442,0,0,55.09,-0.805809546
9,3,0,393,0,28,0.0504,0,0,55.09,-0.767988758
9,4,0,358,4,30,0.0476,0,0,55.09,-0.640069983
9,5,0,170,2,22,0.0422,0,0,55.09,-0.552145181
9,6,1,109,6,18,0.0331,0,0,55.09,-0.810239235
9,0,0,421,2,28,0.0453,0,0,55.09,-0.858154986
9,1,0,351,2,33,0.035,0,0,55.09,-0.8300138
9,2,0,391,6,32,0.0397,0,0,55.09,-0.80467571
9,3,0,409,5,25,0.0463,0,0,55.09,-0.769694762
9,4,0,380,3,39,0.052,0,0,55.09,-0.645896641
9,5,0,233,4,23,0.0497,0,0,55.09,-0.55437086
9,6,1,168,1,35,0.05,0,0,55.09,-0.810311416
9,0,0,420,2,35,0.0426,0,0,55.09,-0.850879537
9,1,0,381,6,31,0.0353,0,0,55.09,-0.833100354
9,2,0,464,2,31,0.0405,0,0,55.09,-0.804911926
10,3,0,364,4,35,0.0437,0,0,55.09,-0.761495446
10,4,0,415,3,28,0.047,0,0,55.09,-0.628022973
10,5,0,226,3,38,0.045,0,0,55.09,-0.533625856
10,6,1,152,5,28,0.0409,0,0,55.09,-0.804265159
10,0,0,553,3,29,0.0484,0,0,55.09,-0.854170811
10,1,0,559,2,42,0.0431,0,0,55.09,-0.834150203
10,2,0,549,1,38,0.0436,0,0,55.09,-0.81014542
10,3,0,610,3,34,0.0539,0,0,55.09,-0.763049222
10,4,0,668,4,51,0.0631,0,0,51.39,-0.625918027
10,5,0,443,5,44,0.0787,0,0,51.39,-0.488776333
10,6,1,301,4,34,0.0647,0,0,51.39,-0.788975431
10,0,0,681,4,44,0.0637,0,0,51.39,-0.856826928
10,1,0,881,5,43,0.064,0,0,51.39,-0.836753827
10,2,0,850,3,38,0.0606,0,0,51.39,-0.814518038
10,3,0,907,2,51,0.0729,0,0,51.39,-0.767994007
10,4,0,954,3,55,0.0838,0,0,54.63,-0.610485256
10,5,0,547,5,49,0.0843,0,0,54.63,-0.493017721
10,6,1,347,1,51,0.0745,0,0,54.63,-0.775914836
10,0,0,1166,4,59,0.0819,0,0,54.63,-0.840800992
10,1,0,1195,5,59,0.0785,0,0,54.63,-0.822271168
10,2,0,1180,6,71,0.0749,0,0,54.63,-0.800156112
10,3,0,1307,4,71,0.088,0,0,54.63,-0.760356361
10,4,0,1018,4,73,0.0904,0,0,54.63,-0.614254211
10,5,0,885,5,66,0.1173,0,0,54.63,-0.519395161
10,6,1,526,10,54,0.102,0,0,56.02,-0.824896313
10,0,0,1542,8,88,0.107,0,0,56.02,-0.841409904
10,1,0,1630,4,95,0.0995,0,0,56.02,-0.822481138
10,2,0,1740,8,100,0.1016,0,0,56.02,-0.803578618
10,3,0,1889,4,91,0.113,0,0,56.02,-0.74686056
10,4,0,1873,4,97,0.1254,0,0,56.02,-0.676641451
10,5,0,1068,10,86,0.1378,0,0,56.02,-0.546019316
11,6,1,734,6,74,0.1343,0,0,56.02,-0.811428106
11,0,0,2322,15,119,0.1369,0,0,56.02,-0.865141727
11,1,0,2145,13,112,0.1304,0,0,56.02,-0.857425341
11,2,0,2515,8,106,0.1323,0,0,56.02,-0.869393613
11,3,0,2637,6,120,0.1525,0,0,56.02,-0.834486154
11,4,0,2795,10,133,0.1614,0,0,56.02,-0.721459478
11,5,0,1571,13,119,0.1872,0,0,56.02,-0.608700513
11,6,1,1106,11,115,0.1663,0,0,56.02,-0.85877064
11,0,0,3232,14,157,0.1637,0,0,56.02,-0.878212339
11,1,0,3360,14,149,0.1544,0,0,56.02,-0.865036742
11,2,0,2489,9,137,0.1458,0,0,56.02,-0.861168051
11,3,0,2932,17,118,0.1536,0,0,56.02,-0.840842986
11,4,0,2694,20,126,0.1413,0,0,56.02,-0.748708293
11,5,0,1399,16,112,0.1437,0,0,56.02,-0.714268017
11,6,1,833,13,131,0.1427,0,0,56.02,-0.887740874
11,0,0,2557,26,160,0.1272,0,0,57.87,-0.886311919
11,1,0,2464,21,156,0.1163,0,0,57.87,-0.885965469
11,2,0,2327,17,124,0.1223,0,0,57.87,-0.87799712
11,3,0,2169,17,129,0.1134,0,0,57.87,-0.860931835
11,4,0,2302,31,130,0.1142,0,0,61.11,-0.811951159
11,5,0,1263,18,105,0.1216,0,0,61.11,-0.822360406
11,6,1,781,15,108,0.1029,0,0,61.11,-0.934098343
11,0,0,2378,19,135,0.1168,0,0,61.11,-0.898159458
11,1,0,1927,16,127,0.1049,0,0,61.11,-0.861162802
11,2,0,1834,17,118,0.1185,0,0,61.11,-0.842559488
11,3,0,264,22,106,0.1105,0,0,61.11,-0.932841199
11,4,0,1253,21,140,0.1207,0,0,61.11,-0.899088574
11,5,0,1373,17,123,0.1692,0,0,61.11,-0.866926469
11,6,1,898,17,104,0.1421,0,0,61.11,-0.936098194
11,0,0,2391,22,136,0.1317,0,0,61.11,-0.89385508
12,1,0,2189,35,141,0.1257,0,0,61.11,-0.88568726
12,2,0,2050,34,115,0.1283,0,0,61.11,-0.877109998
12,3,0,2073,30,126,0.1287,0,0,61.11,-0.862847808
12,4,0,1854,32,108,0.112,0,0,61.11,-0.790775717
12,5,0,1207,11,92,0.1526,0,0,61.11,-0.754199
12,6,1,710,26,97,0.1294,0,0,61.11,-0.909059875
12,0,0,2068,34,123,0.1145,0,0,61.11,-0.893634612
12,1,0,2059,34,87,0.1163,0,0,61.11,-0.879613887
12,2,0,1758,28,123,0.1251,0,0,61.11,-0.8677506
12,3,0,1702,19,124,0.1178,0,0,61.11,-0.847373043
12,4,0,1672,28,126,0.1094,0,0,61.11,-0.759348506
12,5,0,913,21,89,0.1199,0,0,61.11,-0.741091643
12,6,1,609,22,74,0.1245,0,0,61.11,-0.898381267
12,0,0,1461,21,122,0.0936,0,0,61.11,-0.88111517
12,1,0,1617,19,96,0.1014,0,0,61.11,-0.862401623
12,2,0,1386,25,90,0.0961,0,0,61.11,-0.844265492
12,3,0,1350,23,99,0.0897,0.001,0,61.11,-0.826292088
12,4,0,1300,19,90,0.0796,0.003,0,61.11,-0.756366937
12,5,0,853,23,81,0.0977,0.004,0,61.11,-0.767794536
12,6,1,582,29,72,0.0901,0.005,0,61.11,-0.907735133
12,0,0,1465,26,101,0.0794,0.006,0,61.11,-0.872506413
12,1,0,1339,17,90,0.0834,0.008,0,61.11,-0.854118319
12,2,0,1221,21,100,0.0896,0.009,0,61.11,-0.834092461
12,3,0,622,21,53,0.0703,0.009,0,61.11,-0.858632667
12,4,0,160,20,74,0.073,0.009,0,61.11,-0.956866979
12,5,0,958,19,81,0.1262,0.009,0,61.11,-0.894028305
12,6,1,614,24,97,0.116,0.009,0,61.11,-0.938594823
12,0,0,1665,18,97,0.1013,0.01,0,61.11,-0.89053231
12,1,0,1713,21,74,0.1139,0.012,0,61.11,-0.877115248
12,2,0,1447,23,77,0.106,0.013,0,61.11,-0.824481099
12,3,0,972,22,75,0.0879,0.014,0,61.11,-0.699942836
1,4,0,266,20,82,0.0853,0.014,0,61.11,-0.838832527
1,5,0,1115,21,66,0.1354,0.015,0,57.41,-0.843541097
1,6,1,647,20,68,0.1134,0.015,0,57.41,-0.926761312
1,0,0,1877,10,94,0.0997,0.017,0,57.41,-0.882763432
1,1,0,1599,16,93,0.0974,0.018,0,57.41,-0.878679522
1,2,0,1456,13,75,0.1062,0.019,0,57.41,-0.867509135
1,3,0,1382,17,92,0.09,0.02,0.002,57.41,-0.853929346
1,4,0,1207,18,58,0.0838,0.022,0.004,57.41,-0.762461307
1,5,0,780,17,60,0.1006,0.022,0.005,57.41,-0.719443769
1,6,1,497,17,69,0.0936,0.023,0.005,57.41,-0.880624633
1,0,0,1354,16,90,0.0774,0.024,0.006,61.11,-0.867698108
1,1,0,1086,12,73,0.0702,0.025,0.008,61.11,-0.867535381
1,2,0,1112,17,69,0.0807,0.027,0.008,61.11,-0.851320473
1,3,0,1053,15,67,0.0709,0.028,0.009,61.11,-0.829053189
1,4,0,1024,11,60,0.0762,0.029,0.009,61.11,-0.746892055
1,5,0,625,13,66,0.1037,0.03,0.009,61.11,-0.69271463
1,6,1,392,15,60,0.0777,0.031,0.009,61.11,-0.858842821
1,0,0,713,14,75,0.0569,0.032,0.01,61.11,-0.875341004
1,1,0,1084,19,63,0.064,0.033,0.011,57.41,-0.863414726
1,2,0,788,12,64,0.0668,0.035,0.012,57.41,-0.846370438
1,3,0,815,9,75,0.0606,0.039,0.013,57.41,-0.821147831
1,4,0,736,12,56,0.0567,0.042,0.013,57.41,-0.71341764
1,5,0,581,9,60,0.0927,0.044,0.013,57.41,-0.643886182
1,6,1,339,16,52,0.073,0.044,0.013,57.41,-0.849280903
1,0,0,859,11,81,0.0521,0.046,0.014,57.41,-0.864664046
1,1,0,644,11,64,0.0502,0.049,0.015,57.41,-0.867829339
1,2,0,658,13,49,0.0548,0.052,0.016,57.41,-0.819331593
1,3,0,608,10,55,0.0488,0.056,0.017,57.41,-0.788082856
1,4,0,588,15,53,0.0506,0.06,0.018,57.41,-0.685853871
1,5,0,420,11,34,0.0718,0.062,0.018,57.41,-0.662416006
1,6,1,160,16,44,0.0542,0.063,0.018,57.41,-0.916728092
2,0,0,607,9,53,0.0443,0.065,0.019,57.41,-0.850270625
2,1,0,647,6,51,0.0454,0.068,0.021,57.41,-0.819294848
2,2,0,574,7,53,0.0487,0.072,0.022,57.41,-0.803741345
2,3,0,537,9,59,0.0444,0.077,0.023,54.63,-0.798702072
2,4,0,404,8,47,0.0371,0.082,0.025,54.63,-0.664951389
2,5,0,262,12,29,0.0598,0.084,0.025,54.63,-0.62832218
2,6,1,212,8,43,0.0545,0.085,0.026,54.63,-0.805420062
2,0,0,389,13,58,0.031,0.088,0.027,54.63,-0.865976356
2,1,0,413,7,38,0.0287,0.091,0.028,54.63,-0.828570259
2,2,0,366,11,55,0.0304,0.095,0.03,54.63,-0.80633447
2,3,0,438,9,44,0.0416,0.099,0.033,54.63,-0.798817556
2,4,0,357,13,37,0.0347,0.103,0.036,54.63,-0.706677613
2,5,0,220,8,31,0.0535,0.106,0.037,54.63,-0.686982458
2,6,1,143,9,22,0.0391,0.107,0.037,54.63,-0.797297527
2,0,0,257,7,27,0.0267,0.109,0.038,54.63,-0.950231938
2,1,0,213,5,32,0.0265,0.111,0.039,54.63,-0.93567579
2,2,0,386,8,34,0.0304,0.114,0.042,54.63,-0.833000619
2,3,0,315,6,40,0.0285,0.116,0.045,54.63,-0.822612369
2,4,0,319,7,30,0.0297,0.119,0.048,54.63,-0.675806822
2,5,0,213,9,18,0.0406,0.121,0.049,54.63,-0.580260121
2,6,1,157,8,24,0.0351,0.121,0.05,54.63,-0.84371444
2,0,0,389,7,30,0.0287,0.123,0.052,54.63,-0.844795665
2,1,0,315,11,19,0.0236,0.126,0.055,54.63,-0.834617385
2,2,0,337,4,29,0.0276,0.129,0.058,54.63,-0.827462669
2,3,0,281,8,19,0.0261,0.132,0.062,54.63,-0.794024998
2,4,0,357,6,18,0.0328,0.136,0.066,54.63,-0.673287185
2,5,0,179,7,20,0.0372,0.14,0.068,54.63,-0.585031682
2,6,1,149,3,17,0.0365,0.142,0.069,54.63,-0.840636114
3,0,0,312,2,29,0.0227,0.145,0.071,54.63,-0.852113109
3,1,0,327,7,29,0.0253,0.148,0.074,54.63,-0.842349519
3,2,0,337,5,26,0.0276,0.152,0.078,54.63,-0.820134727
3,3,0,286,7,26,0.0253,0.156,0.081,54.63,-0.789311179
3,4,0,291,5,26,0.0282,0.16,0.084,54.63,-0.667806977
3,5,0,215,2,35,0.042,0.163,0.087,54.63,-0.555284228
3,6,1,173,4,13,0.0436,0.165,0.087,54.63,-0.826947116
3,0,0,325,5,24,0.0249,0.168,0.09,54.63,-0.854233802
3,1,0,330,5,27,0.0247,0.172,0.093,54.63,-0.833709267
3,2,0,334,9,19,0.0254,0.178,0.097,54.63,-0.822197679
3,3,0,344,1,31,0.029,0.183,0.101,54.63,-0.792109025
3,4,0,347,8,16,0.0312,0.19,0.105,54.63,-0.653340066
3,5,0,252,2,17,0.0415,0.195,0.108,54.63,-0.467065469
3,6,1,183,4,18,0.0408,0.198,0.11,54.63,-0.817419165
3,0,0,366,6,39,0.0254,0.203,0.112,54.63,-0.847997703
3,1,0,444,3,32,0.029,0.209,0.115,54.63,-0.840060849
3,2,0,474,9,34,0.0343,0.216,0.118,54.63,-0.801946104
3,3,0,416,3,37,0.0351,0.223,0.121,54.63,-0.796875336
3,4,0,433,2,33,0.0368,0.23,0.124,54.63,-0.655040821
3,5,0,273,6,30,0.0526,0.235,0.127,54.63,-0.561189625
3,6,1,220,4,51,0.0484,0.238,0.128,54.63,-0.814472464
3,0,0,537,1,31,0.034,0.245,0.13,54.63,-0.854265298
3,1,0,560,5,44,0.0364,0.252,0.133,54.63,-0.836003185
3,2,0,675,6,29,0.0466,0.26,0.136,54.63,-0.820307952
3,3,0,669,3,34,0.0534,0.267,0.14,54.63,-0.795699506
3,4,0,590,6,38,0.05,0.275,0.144,54.63,-0.683208253
3,5,0,404,4,37,0.0648,0.28,0.148,51.85,-0.605010296
3,6,1,347,7,44,0.0648,0.284,0.15,51.85,-0.823626769
3,0,0,730,3,44,0.0436,0.292,0.153,51.85,-0.850638072
3,1,0,723,3,41,0.0461,0.3,0.157,51.85,-0.834743367
3,2,0,705,4,49,0.049,0.307,0.161,51.85,-0.800702034
4,3,0,715,2,48,0.054,0.315,0.166,51.85,-0.764854961
4,4,0,673,2,60,0.0562,0.322,0.173,51.85,-0.678494433
4,5,0,462,9,47,0.0622,0.328,0.177,51.85,-0.602438168
4,6,1,300,4,42,0.0774,0.329,0.18,51.85,-0.863313825
4,0,0,935,6,54,0.053,0.336,0.186,51.85,-0.851141999
4,1,0,852,4,66,0.0515,0.345,0.192,51.85,-0.810649347
4,2,0,834,3,57,0.0541,0.352,0.2,51.85,-0.787232479
4,3,0,852,6,63,0.0625,0.359,0.207,51.85,-0.754240994
4,4,0,768,5,60,0.0541,0.367,0.215,51.85,-0.669040549
4,5,0,551,8,51,0.0758,0.373,0.222,51.85,-0.52944221
4,6,1,359,5,52,0.0669,0.376,0.225,51.85,-0.83857682
4,0,0,863,5,64,0.0534,0.381,0.232,51.85,-0.861215294
4,1,0,672,4,52,0.0434,0.386,0.239,51.85,-0.834402166
4,2,0,769,7,53,0.0523,0.392,0.245,51.85,-0.798103659
4,3,0,624,8,60,0.0491,0.397,0.253,51.85,-0.784324399
4,4,0,654,5,59,0.0559,0.402,0.26,51.85,-0.688011309
4,5,0,434,6,61,0.075,0.407,0.265,51.85,-0.543100738
4,6,1,309,7,53,0.0543,0.408,0.269,51.85,-0.823006858
4,0,0,658,6,55,0.0421,0.412,0.276,51.85,-0.850501591
4,1,0,558,5,53,0.0403,0.418,0.283,51.85,-0.816979933
4,2,0,653,7,69,0.0467,0.423,0.29,51.85,-0.798822805
4,3,0,576,4,68,0.0438,0.429,0.296,51.85,-0.790072319
4,4,0,526,6,50,0.0459,0.434,0.303,50,-0.687859081
4,5,0,410,10,45,0.0696,0.439,0.307,50,-0.538848852
4,6,1,274,11,50,0.0615,0.441,0.309,50,-0.811674372
4,0,0,648,5,59,0.0396,0.444,0.315,50,-0.853630139
4,1,0,564,5,52,0.0412,0.448,0.323,50,-0.805893534
4,2,0,572,5,50,0.0402,0.451,0.329,50,-0.803825333
4,3,0,529,7,47,0.0445,0.455,0.335,50,-0.786303363
4,4,0,543,7,50,0.0452,0.459,0.342,50,-0.694761834
5,5,0,348,4,56,0.0672,0.461,0.346,50,-0.572869188
5,6,1,227,14,51,0.0554,0.462,0.347,50,-0.817461625
5,0,0,551,5,61,0.0369,0.464,0.352,50,-0.853409671
5,1,0,463,5,52,0.0342,0.467,0.358,50,-0.816313279
5,2,0,478,5,48,0.0361,0.469,0.363,50,-0.772849556
5,3,0,399,8,56,0.034,0.472,0.368,50,-0.773264246
5,4,0,365,11,34,0.0371,0.474,0.373,50,-0.681544243
5,5,0,270,8,42,0.0514,0.476,0.378,50,-0.599015662
5,6,1,164,9,47,0.0415,0.477,0.379,50,-0.847332004
5,0,0,397,6,42,0.0308,0.479,0.382,50,-0.850695813
5,1,0,309,9,34,0.0253,0.481,0.388,50,-0.816381519
5,2,0,341,6,37,0.031,0.483,0.393,50,-0.790282288
5,3,0,314,7,45,0.0312,0.486,0.399,50,-0.775185469
5,4,0,292,6,33,0.0341,0.49,0.404,50,-0.667271554
5,5,0,177,5,42,0.0365,0.493,0.408,50,-0.526381902
5,6,1,153,10,34,0.0387,0.496,0.41,50,-0.81133894
5,0,0,349,6,49,0.0286,0.499,0.414,50,-0.851740412
5,1,0,282,6,35,0.0259,0.502,0.418,50,-0.81325822
5,2,0,277,6,38,0.0274,0.506,0.421,50,-0.783857216
5,3,0,246,4,39,0.0267,0.508,0.424,50,-0.74678707
5,4,0,243,5,30,0.028,0.511,0.428,50,-0.638694682
5,5,0,131,5,35,0.0367,0.514,0.43,50,-0.512623639
5,6,1,93,6,27,0.0295,0.516,0.431,50,-0.80100001
5,0,0,216,4,34,0.0191,0.518,0.434,50,-0.851105254
5,1,0,128,3,23,0.0134,0.52,0.436,50,-0.811158523
5,2,0,169,5,30,0.019,0.522,0.439,50,-0.780471455
5,3,0,122,5,19,0.0154,0.524,0.441,50,-0.755595298
5,4,0,139,4,21,0.0219,0.526,0.444,50,-0.608857991
5,5,0,89,6,24,0.0239,0.528,0.445,50,-0.491904882
5,6,1,51,7,10,0.0167,0.528,0.446,50,-0.697856975
5,0,0,45,2,18,0.0127,0.529,0.446,50,-0.83188778
6,1,0,122,5,23,0.011,0.53,0.449,50,-0.834129206
6,2,0,101,7,17,0.0114,0.533,0.451,50,-0.797877941
6,3,0,96,7,14,0.0148,0.534,0.453,50,-0.762225091
6,4,0,77,6,15,0.0087,0.536,0.456,50,-0.639004387
6,5,0,62,6,10,0.0158,0.538,0.459,50,-0.479159722
6,6,1,56,7,16,0.0176,0.538,0.461,50,-0.77797413
6,0,0,102,9,16,0.0057,0.54,0.463,37.96,-0.849651214
6,1,0,74,4,15,0.0069,0.541,0.466,37.96,-0.815730613
6,2,0,59,4,5,0.0063,0.543,0.469,37.96,-0.778308768
6,3,0,41,2,18,0.0043,0.544,0.471,37.96,-0.735259735
6,4,0,39,2,15,0.0066,0.546,0.474,37.96,-0.579168279
6,5,0,46,4,9,0.0037,0.547,0.476,37.96,-0.472697906
6,6,1,24,4,6,0.008,0.547,0.477,37.96,-0.762047507
6,0,0,67,3,8,0.0079,0.549,0.479,37.96,-0.854275796
6,1,0,51,2,6,0.0036,0.55,0.481,37.96,-0.810670344
6,2,0,36,1,5,0.0023,0.551,0.483,37.96,-0.778240528
6,3,0,35,2,7,0.0033,0.552,0.485,37.96,-0.73487654
6,4,0,35,2,9,0.0032,0.553,0.487,37.96,-0.593761171
6,5,0,30,2,5,0.0082,0.554,0.488,37.96,-0.487086078
6,6,1,27,1,6,0.009,0.554,0.489,37.96,-0.811283743
6,0,0,45,3,5,0.0038,0.555,0.49,37.96,-0.835053072
6,1,0,33,3,3,0.0045,0.556,0.491,37.96,-0.788119601
6,2,0,47,0,6,0.0025,0.557,0.493,37.96,-0.755138614
6,3,0,43,0,10,0.0068,0.558,0.494,37.96,-0.705832485
6,4,0,35,3,4,0.0059,0.559,0.495,37.96,-0.562050501
6,5,0,19,0,4,0.0055,0.56,0.497,37.96,-0.423076822
6,6,1,17,1,1,0.0066,0.56,0.497,37.96,-0.747360707
6,0,0,50,2,11,0.0081,0.561,0.498,34.26,-0.829614858
6,1,0,52,2,4,0.008,0.562,0.499,34.26,-0.781358577
6,2,0,51,0,5,0.0055,0.563,0.501,34.26,-0.793788782
7,3,0,31,2,7,0.0074,0.564,0.502,34.26,-0.739873819
7,4,0,53,0,6,0.0089,0.565,0.503,34.26,-0.630910056
7,5,0,49,0,6,0.0094,0.565,0.504,34.26,-0.484524448
7,6,1,18,1,4,0.008,0.565,0.504,34.26,-0.685348356
7,0,0,58,2,6,0.0134,0.566,0.504,34.26,-0.791011933
7,1,0,77,2,6,0.0098,0.567,0.506,34.26,-0.807478805
7,2,0,72,2,5,0.0103,0.568,0.507,34.26,-0.766539967
7,3,0,73,0,5,0.0094,0.568,0.508,34.26,-0.712094831
7,4,0,82,1,6,0.013,0.569,0.509,34.26,-0.577341542
7,5,0,48,0,7,0.0076,0.57,0.51,34.26,-0.396688883
7,6,1,69,2,6,0.0161,0.57,0.51,34.26,-0.734661019
7,0,0,98,0,8,0.0101,0.571,0.511,34.26,-0.817667583
7,1,0,94,2,9,0.0123,0.572,0.512,34.26,-0.782623645
7,2,0,138,2,7,0.0174,0.573,0.513,34.26,-0.738524764
7,3,0,128,0,7,0.0191,0.574,0.513,34.26,-0.724509288
7,4,0,151,0,11,0.0241,0.574,0.514,34.26,-0.59473753
7,5,0,118,0,5,0.0258,0.575,0.515,34.26,-0.469700588
7,6,1,88,0,5,0.0294,0.575,0.515,34.26,-0.770034172
7,0,0,194,0,13,0.0245,0.576,0.516,34.26,-0.837997897
7,1,0,183,1,10,0.0236,0.577,0.517,32.41,-0.79879131
7,2,0,202,0,7,0.0258,0.578,0.518,32.41,-0.762041367
7,3,0,223,1,9,0.0322,0.579,0.518,32.41,-0.718388672
7,4,0,222,2,12,0.0345,0.58,0.519,32.41,-0.559205412
7,5,0,169,0,10,0.0458,0.581,0.52,32.41,-0.425953407
7,6,1,123,1,8,0.0468,0.581,0.52,32.41,-0.751509017
7,0,0,157,0,11,0.031,0.582,0.52,32.41,-0.82288533
7,1,0,239,1,7,0.032,0.583,0.521,32.41,-0.784308651
7,2,0,241,2,11,0.033,0.584,0.522,32.41,-0.729354338
7,3,0,119,0,10,0.035,0.585,0.522,32.41,-0.682210897
7,4,0,181,0,10,0.035,0.586,0.522,32.41,-0.573105404
7,5,0,181,0,10,0.035,0.587,0.523,32.41,-0.489427239